source,brand,text,sentiment,link,views
Google,Other,Smart Ceiling Fan: Alexa and Google Compatible Step into the world of intelligent comfort with our Smart Ceiling Fan collection. Seamlessly sync your fan with Alexa and Google Assistant smart devices.,0.9552,https://smafan.com/collections/smart-ceiling-fan?srsltid=AfmBOoolnhNNlvbjpn-frALz9ReUJEM6v5ZgpkS2eZWRtt1rglgt-nni,
Google,Other,Shop Smart Ceiling Fans Experience unparalleled air circulation and smart home convenience with the Home Decorators Collection Kensgrove II 72 in. Smart Ceiling Fan.,0.8555,https://www.homedepot.com/b/Smart-Home-Smart-Ceiling-Fans/N-5yc1vZccuu,
Google,Other,"Smart Fans Smart Oscillating Quiet Floor Fans, Standing Bladeless Fan with Remote and WiFi Voice Control, 4 Modes, 4 Speeds, 8H Timer, 28dB, Works with Alexa/Google",0.7717,https://www.amazon.com/smart-fans/s?k=smart+fans,
Google,Other,Smart Ceiling Fans | Visual Comfort & Co. Discover smart ceiling fans from Visual Comfort & Co. Beautiful and functional fans that bring sophistication to any room.,0.9231,https://www.visualcomfort.com/us/c/smart-fans?srsltid=AfmBOopyzHsh6nBiVHjFLM62V-FkkuSGFD2dTJPHot-xi-nnmP85GZGy,
Google,Other,The Best Smart Fans for 2025 Our Top Tested Picks ; Dreo CLF521S Smart Ceiling Fan Â· $213.51 ; Dreo CF714S Air Circulator Fan Â· $109.99 ; Dreo Pilot Max Tower Fan Â· $143.99 ...,0.946,https://www.pcmag.com/picks/the-best-smart-fans,
Google,Other,"HunterSMARTâ„¢: Smart Ceiling Fans Designed for smarter, faster, and quieter cooling, these smart fans offer unparalleled control and convenience.",0.8126,https://www.hunterfan.com/blogs/hunter-blog/smart-ceiling-fan?srsltid=AfmBOoripYB6lI-jL4Bi7nqNUBxXwLwXDAqMJ8kIv65q2QnxpmmWXDXQ,
Google,Other,"Smart Ceiling Fans Control lights, fan speed, and direction directly from your smart devices with SIMPLEconnectÂ® smart ceiling fans from Hunter and a Wi-FiÂ® connection.",0.8555,https://www.hunterfan.com/collections/smart-ceiling-fans?srsltid=AfmBOorkzxqC6IAHA7GIB00dPAaK-Xbo_D_Z8FUTtNHCjwfsjfNJVOc-,
Google,Other,Smart Fan | Govee US Upgrade your cooling experience with our innovative smart fans. Control your comfort from anywhere with intuitive app integration and voice commands.,0.9022,https://us.govee.com/collections/smart-fan?srsltid=AfmBOoq-9-UiixqsmDtEIkGPrd5hAxgk3jCQ_mf1zTUGjwot2TRtByg-,
Google,Other,Best smart ceiling fan? : r/smarthome I have a 3yr old and a 2yr old Carro Smart ceiling fans and rarely have any connection issues. The newer one has better LED lights and is quieter.,0.93,https://www.reddit.com/r/smarthome/comments/1f7kaab/best_smart_ceiling_fan/,
Google,Other,Smart Ceiling Fans Connect your ceiling fan to your home's WiFi in minutes. Use voice commands to control your ceiling fan. Manage your ceiling fan with your smartphone.,0.8225,https://www.westinghouselighting.com/smart-ceiling-fans/,
Google,Other,"Everything You Need to Know About Smart Fans The smart ceiling fan allows you to automate the cooling process, turning on only as the temperature rises, turning off when the A/C is needed.",0.7717,https://www.lampsplus.com/ideas-and-advice/everything-you-need-to-know-about-smart-fans/?srsltid=AfmBOorYmWd9xj05eS3wU9i9Y6doC65CDDJKBRMwZ6ROXN0UGpEK8MLl,
Google,Other,Smart Compatible Ceiling Fans at Lowes.com Find smart compatible ceiling fans at Lowes today. Shop ceiling fans and a variety of lighting & ceiling fan products online at Lowes.com.,0.7717,https://www.lowes.com/pl/ceiling-fans/smart-compatible/4294395604-4246655709,
Google,Other,CARRO Smart Ceiling Fan and lighting Outlet-Smafan Smafan Ranger smart ceiling fan with energy-efficient LED light kit has 3000 lumens and. Ranger 52 inch Low Profile Smart Ceiling Fan ...,0.8979,https://smafan.com/?srsltid=AfmBOooHbGO_cvvIgJnRXSaBYr0Pg86x-TDecZE2HUL0miDx9Wa2Zf8i,
Google,Other,Smart tower fan or air cooler suggestions? - Hardware Can anyone suggest a tower fan (or air cooler) that can be controlled locally from HA without requiring an internet connection? It doesn't have to be a smart ...,0.9099,https://community.home-assistant.io/t/smart-tower-fan-or-air-cooler-suggestions/728736,
Google,Orient,Collection: - Smart Ceiling Fan Carro USA is a technology oriented company that produces automated ceiling fans that can be controlled through remote or over WiFi using smart devices or the ...,0.7717,https://carrousa.com/collections/smart-ceiling-fan,
Google,Other,"Smart Ceiling Fans | WiFi & Voice-Controlled Fans Upgrade your home with a smart ceiling fan from Bees Lighting. Control fan speed, light, and schedules with WiFi, your smartphone app, or voice commands.",0.8402,https://www.beeslighting.com/collections/smart-ceiling-fans,
Google,Other,"Original Smart Fan Speed Control Switch | CasÃ©ta by Lutron The original Smart Fan Speed Control Switch provides control of your ceiling fan right from the wall. Extend control with Pico smart remote, ...",0.9538,https://www.casetawireless.com/us/en/products/dimmers-switches/original-smart-fan-speed-control-switch,
Google,Other,Xiaomi Mi Smart Standing Fan 2 - Is this the best value fan? The fan has four speeds and two modes regular mode and the natural mode. The natural mode is stronger and gentler gusts of wind just like nature.,0.9769,https://www.youtube.com/watch?v=9hw0-MuoIMc,
Google,Other,"D24SF-1BW - Smart Fan Speed Controller Quiet Fan Controller with 4-forward fan speeds: max, high, medium, low, and off. Adjust the Fan Speed Controller using the My Leviton app, a schedule, by voice ...",0.8316,https://leviton.com/products/d24sf-1bw,
Google,Other,Which fan works best with smart home devices? Energion HS is powered by ActivBLDC technology which has low power consumption thereby ensuring energy efficiency. It saves more than 50% on ...,0.9153,https://www.quora.com/Which-fan-works-best-with-smart-home-devices,
Google,Other,"SMART FAN OPTIONS TO BREEZE INTO THE FUTURE Smart Fans! With spring around the corner, it's the perfect time to consider adding smart ceiling fans to help circulate the air to keep ...",0.9556,https://www.youtube.com/watch?v=sCtdJJ1c1s0,
Google,Other,"Smart Ceiling Fans - WiFi Smart Fan Apps w/ Alexa Buy smart ceiling fans from PalmFanStore today to bring your home up-to-date. Best quality ceiling fans compatible with Alexa, Google Assistant and more ...",0.9274,https://www.palmfanstore.com/designer-ceiling-fans/smart-ceiling-fans.html?srsltid=AfmBOopT1BvVgPxFgPsSzIb-Jd2XsB0aGgOMo18ud-cPY47hvXlxLqhx,
Google,Other,"Atomi Smart Ceiling Fans | Energy-Efficient & Stylish ... Discover Atomi Smart's collection of smart ceiling fans. Featuring energy-efficient designs, smart controls, and modern style for ultimate comfort in any ...",0.8625,https://atomismart.com/collections/smart-ceiling-fans?srsltid=AfmBOoq3F2jcqXuD67uiV4roFBpD1yrrFGSU29MSdheAkHBa4Fk-cOiM,
Google,Other,"Smart Ceiling Fans | App & Alexa Controlled Stay cool anywhere with the Sofucor 52"" Ceiling Fanâ€”real wood blades, whisper-quiet DC motor, reversible airflow, timer, and easy app or voice control.",0.7845,https://sofucorfan.com/collection/smart-control-ceiling-fans?srsltid=AfmBOoq-nsNObhLxlEkrNWbPBaklYGzXyIN2ySlUAXQWDSz-t6vSiwlP,
Google,Other,The Ultimate Guide to Smart Ceiling Fans Smart ceiling fans are revolutionizing home comfort by combining cutting-edge technology with sleek design.,0.7845,https://www.modernfanoutlet.com/fan-styles/smart-ceiling-fans.html?srsltid=AfmBOorYLHWBC_9z8y0UPtXR9c2HNtZTFORtbP8OnEvisL25-KXhePsK,
Google,Other,Smartlife WiFi Fan Control - Connected Things Anyone have experience with this smartlife wifi fan controller? It's only $25. I imagine integration would be similar to other smartlife wifi devices.,0.5574,https://community.smartthings.com/t/smartlife-wifi-fan-control/217896,
Google,Other,Smart Fans Shop at Best Buy for a great selection of smart fans to stay connected and in control in your home.,0.9287,https://www.bestbuy.com/site/smart-heating-cooling-air-quality/smart-fans/pcmcat1707937768212.c?id=pcmcat1707937768212,
YouTube,Other,Best Ceiling Fans 2025 | BLDC Fans [{'text': 'Mega comparison of over 50 BLDC Ceiling Fans. *Amazon buying links below*   All top recommended ceiling fans\xa0...'}],0.8176,,"192,173 views"
YouTube,Atomberg,"Best BLDC Smart Fan to Buy in India 2025 | Atomberg Aris Contour Unboxing & Review [{'text': 'Looking for the best BLDC ceiling '}, {'text': 'fan', 'bold': True}, {'text': ' in India 2025? In this video, we unbox and review the Atomberg Aris Contour '}, {'text': 'Smart', 'bold': True}, {'text': ' BLDC\xa0...'}]",0.9803,,"65,810 views"
YouTube,Other,"Best Ceiling Fan 2025 | Best Ceiling Fan Under 1500 | Best BLDC Fan in India 2025 [{'text': 'If you buy a ceiling '}, {'text': 'fan', 'bold': True}, {'text': ' in 2025, you will have hundreds of options, making it confusing to find the best ceiling '}, {'text': 'fan', 'bold': True}, {'text': ' of 2025.'}]",0.9884,,"677,244 views"
YouTube,Other,"LG Smart Ceiling Fans - Convenience at Its Best [{'text': 'Ensure the optimal room temperature with all new LG range of Ceiling Fans featuring '}, {'text': 'Smart', 'bold': True}, {'text': ' ThinQ that let you control the '}, {'text': 'fan', 'bold': True}, {'text': ' with\xa0...'}]",0.9771,,"2,715,294 views"
YouTube,Other,"KASA Smart Fan Control [{'text': 'In this video, Chris shows how to install and use the KASA '}, {'text': 'Smart Fan', 'bold': True}, {'text': ' Control which includes a separate dimmer switch for the\xa0...'}]",0.9246,,"15,137 views"
YouTube,Atomberg,"Best BLDC Smart Fan in 2024: Atomberg Renesa Smart+ || Review [{'text': 'BLDCFan #'}, {'text': 'SmartFan', 'bold': True}, {'text': ' #Atomberg Today I am unboxing one of the best smart BLDC ceiling fan in the market from Atomberg.'}]",0.9764,,"45,466 views"
YouTube,Other,"Best BLDC Ceiling Fan in India 2025 | Best BLDC Fan Under 4000 [{'text': '... best bldc fan 2025 in India best bldc fan under 3500 top bldc fan in India best bldc fan under 5000 best '}, {'text': 'smart fan', 'bold': True}, {'text': ' best '}, {'text': 'smart fan', 'bold': True}, {'text': '\xa0...'}]",0.9961,,"46,189 views"
YouTube,Atomberg,Top 5 BLDC Ceiling Fan in India 2025 ðŸ”¥ Under 2000 & 3000 [{'text': 'Polycab Silencio Mini - https://amzn.to/4hkqKWv Atomberg Renesa - https://amzn.to/4ihYk0J Atomberg Renesa Enzel\xa0...'}],0.1779,,"205,048 views"
YouTube,Other,"5 Best Smart Ceiling Fans 2025 | Best Ceiling Fans 2025 [{'text': '5 Best '}, {'text': 'Smart', 'bold': True}, {'text': ' Ceiling Fans 2025 | Best Ceiling Fans 2025 00:00 - Introduction 00:54 - 1. DREO CLF712S\xa0...'}]",0.981,,"15,072 views"
YouTube,Other,"Smart Register | Howeall Super Quiet Register Booster Fan [{'text': ""CHECK OUT TODAY'S PRICE ON AMAZON: â–»â–»â–» https://geni.us/8P0gsK DISCLAIMER: Some of these links are affiliate links\xa0...""}]",0.8842,,"28,061 views"
YouTube,Other,"I Can't Live Without These Now - Dreo Smart Fans [{'text': 'I am blown away. You will be too. These '}, {'text': 'smart', 'bold': True}, {'text': ' fans from Dreo have actual '}, {'text': 'smart', 'bold': True}, {'text': "" features you'll use and will love and they're very\xa0...""}]",0.9686,,"126,820 views"
YouTube,Other,"I Tested Smart Fan ft. Polycab Wizzy Neo With LED BLDC Ceiling Fan [{'text': 'Polycab Wizzy Neo 1200mm 5-Star BLDC, Remote Ceiling '}, {'text': 'fan', 'bold': True}, {'text': ': https://amzn.to/44IiRrB Looking for a modern, energy-saving\xa0...'}]",0.9186,,"17,970 views"
YouTube,Atomberg,"Atomberg Renesa Enzel 1200mm BLDC Smart High Speed Ceiling Fan with Remote Control || Review 2025 [{'text': 'Buy on Amazon : Atomberg Renesa Enzel Bldc '}, {'text': 'smart fan', 'bold': True}, {'text': ' here - https://amzn.to/41X3icz Cheap & Best Celling fan with bldc moter\xa0...'}]",0.9666,,"41,718 views"
YouTube,Other,"DREO TurboPoly 508S Review â€“ Is This the Ultimate Smart Fan for Summer? [{'text': 'DREO TurboPoly '}, {'text': 'Fan', 'bold': True}, {'text': "" 508S: https://bit.ly/42jv3NL Code Tech17 for 17% off #DREO #DREOFan. Don't miss out on this amazing\xa0...""}]",0.9031,,"43,264 views"
YouTube,Crompton,"Crompton Energion Hyperjet Smart BLDC Fan â€“ Unboxing, Installation & Full Review âš¡ [{'text': 'CromptonFan #'}, {'text': 'SmartFan', 'bold': True}, {'text': ' #BLDCFan Looking for a smart, energy-efficient ceiling fan that delivers powerful performance and\xa0...'}]",0.9451,,"216,314 views"
YouTube,Other,"Xiaomi Mi Smart Standing Fan 2 - Is this the best value fan? [{'text': 'The Xiaomi Mi '}, {'text': 'Smart', 'bold': True}, {'text': ' Standing '}, {'text': 'fan', 'bold': True}, {'text': ' 2 is probably the best value '}, {'text': 'fan', 'bold': True}, {'text': ' out there at the moment. Pricing can be very different\xa0...'}]",0.9906,,"9,007 views"
YouTube,Atomberg,"Atomberg Renesa Plus + 1200mm Smart BLDC Ceiling Fan Review 2025 | Hi Speed & 28 watt Power [{'text': 'Buy on Amazon : Atomberg Renesa + plus '}, {'text': 'smart', 'bold': True}, {'text': ' bldc '}, {'text': 'fan', 'bold': True}, {'text': ' - https://amzn.to/3G7kd4S #atombergfan #bldcfan #ceilingfan.'}]",0.9612,,"5,407 views"
YouTube,Atomberg,"Atomberg Aris Contour Ceiling Fan | Smart Fan [{'text': 'Atomberg Aris Contour Ceiling Fan | '}, {'text': 'Smart Fan', 'bold': True}, {'text': '.'}]",0.9517,,"1,373 views"
YouTube,Other,"I Tested 3 Smart Fans.. Here's What I learnt [{'text': 'I replaced 3 '}, {'text': 'smart', 'bold': True}, {'text': ' fans at home with haiku-I from big ass '}, {'text': 'fan', 'bold': True}, {'text': ', oasis pro from prism+ and cyclone RS from point one. Sharing what I\xa0...'}]",0.9413,,"27,786 views"
YouTube,Other,"Make Your Ceiling Fans Smart: The Ultimate Guide! [{'text': 'Discover the best way to make YOUR ceiling '}, {'text': 'fan smart', 'bold': True}, {'text': ""! Shop Best Buy's Top Deals Here! https://go.magik.ly/ml/1xof4/ Thanks to\xa0...""}]",0.9778,,"79,487 views"
YouTube,Other,"This Fan Has Solved All the Smart Fan Problems [{'text': 'The new SIMPLEconnect '}, {'text': 'Fan', 'bold': True}, {'text': ' from Hunter can do it all! Stay cool this year with the perfect '}, {'text': 'fan', 'bold': True}, {'text': ' for your home. SimpleConnect '}, {'text': 'Fan', 'bold': True}, {'text': ':\xa0...'}]",0.985,,"86,142 views"
YouTube,Other,"A SMART Fan?! | DREO TurboPolyâ„¢ Fan Review [{'text': 'This '}, {'text': 'fan', 'bold': True}, {'text': ' really impressed me! GET ONE HERE! https://amzn.to/4iEaGj7 Use my discount code ""watt17"" for 17% off on the Dreo\xa0...'}]",0.9584,,"5,158 views"
YouTube,Atomberg,"Atomberg Renesa Plus ðŸ”¥ | Smart Ceiling Fan | Built in Alexa and Remote control [{'text': 'The '}, {'text': 'Fan', 'bold': True}, {'text': ' of the Future is here. Its smarter and also saves electricity Atomberg Renesa Plus with built-in alexa, remote control and\xa0...'}]",0.9062,,"27,597 views"
YouTube,Other,"DREO TurboPoly 508S Review â€“ Is This the Ultimate Smart Fan for Summer? [{'text': 'DREO TurboPoly '}, {'text': 'Fan', 'bold': True}, {'text': "" 508S: https://bit.ly/42jv3NL Code Tech17 for 17% off #DREO #DREOFan. Don't miss out on this amazing\xa0...""}]",0.9031,,"43,264 views"
YouTube,Atomberg,[NEW 2025]ðŸ”¥Best BLDC Ceiling Fan In India 2025ðŸ”¥Best BLDC Ceiling Fan Under â‚¹2500 - â‚¹3000 [{'text': 'BUY HERE to Support! (No Promotion â€“ Just Honest Picks) âœ“ Best BLDC Ceiling Fans Under â‚¹2500 atomberg\xa0...'}],0.9336,,"3,451 views"
YouTube,Havells,"Best BLDC Ceiling Fan 2025? Havells EPIC SIGNIA â€“ Full Review & Features [{'text': 'The Havells EPIC SIGNIA BLDC+ is a premium, energy-efficient ceiling '}, {'text': 'fan', 'bold': True}, {'text': ' that combines modern aesthetics with cutting-edge\xa0...'}]",0.9217,,"320,742 views"
YouTube,Other,"Why my new smart fan was worth the hassle [{'text': 'The Hunter Aerodyne 52 inch '}, {'text': 'smart fan', 'bold': True}, {'text': ' makes adding a '}, {'text': 'smart fan', 'bold': True}, {'text': ' to your home about half the cost of other options. But is it better\xa0...'}]",0.9072,,"26,124 views"
